{
    "volume_count": 1,
    "volumes": [{
            "volume_filename": "__filename__",
            "volume_metadata": {
                "voxel": 0,
                "bitrate": "__bitrate__",
                "xdim": 0,
                "ydim": 0,
                "zdim": 0,
                "type": "segmented"
            },
            "phase_metadata": {
                "phases": [
                    0, 1, 2, 3, 4, 5, 6, 7, 8, 9, 10, 11, 12, 13, 14, 15, 16, 17, 18, 19, 20, 21
                ],
                "rgba_array": [
                    [0, 0, 0,1.0],
                    [0.0392157, 0.529412, 1, 1.0],
                    [0, 1, 0.784313, 1.0],
                    [0, 1, 1, 1.0],
                    [0.058823, 0.058823, 0.058823, 1.0],
                    [0.039215, 0.529412, 1, 1.0],
                    [0.607843, 0.607843, 1, 1.0],
                    [0.039215, 0.333333, 1, 1.0],
                    [1, 0.647059, 0.235294, 1.0],
                    [0.980392, 0.784313, 0.019608, 1.0],
                    [1, 0.470588, 0.921568, 1.0],
                    [0.941176, 0.470588, 0.882353, 1.0],
					[0.607843, 0.392157, 0, 1.0],
                    [0.941176, 0.509804, 0.0392155, 1.0],
                    [0.392157, 1, 0.392157, 1.0],
                    [0.137255, 0.509804, 0.470588, 1.0],
                    [0.019607, 0.294118, 0.274510, 1.0],
                    [0.745098, 0.745098, 0.745098, 1.0],
                    [1, 0.862745, 0.921568, 1.0],
                    [0.392157, 0.568627, 0.607843, 1.0],
                    [0.137255, 0.647059, 0.019607, 1.0],
                    [0.980392, 0, 0, 1.0]
                ]
            }
        }
    ]
}
